Workbook

Sheet Lista completa
A3: Juego | B3: Sección | C3: Estado en la R36S | D3: Cómo se juega | E3: Qué necesitás | F3: Controles | G3: Notas | H3: Base del dato
A4: Final Fantasy VII | B4: Tus juegos | C4: Funciona | D4: Nuestro port (menú Ports, PCSX-ReARMed) | E4: Tus 3 discos (.bin completos) | F4: Control | G4: Ya funciona en tu R36S | H4: Probado en tu consola
A5: Baldur's Gate + Tales of the Sword Coast | B5: Tus juegos | C5: Funciona | D5: PortMaster (GemRB) | E5: Tus archivos (versión original) | F5: Stick como mouse | G5: 640×480, igual que la pantalla. Enhanced Edition: experimental | H5: Catálogo PortMaster
A6: Baldur's Gate II + Throne of Bhaal | B6: Tus juegos | C6: Funciona | D6: PortMaster (GemRB) | E6: Tus archivos (versión original) | F6: Stick como mouse | G6: 640×480, igual que la pantalla. Enhanced Edition: experimental | H6: Catálogo PortMaster
A7: Monkey Island 1 (The Secret of Monkey Island) | B7: Tus juegos | C7: Funciona | D7: ScummVM (ArkOS) | E7: Tus archivos originales | F7: Stick como mouse | G7: Aventura de apuntar y clic | H7: Estimación
A8: Monkey Island 2: LeChuck's Revenge | B8: Tus juegos | C8: Funciona | D8: ScummVM (ArkOS) | E8: Tus archivos originales | F8: Stick como mouse | G8: Aventura de apuntar y clic | H8: Estimación
A9: The Curse of Monkey Island (3) | B9: Tus juegos | C9: Funciona | D9: ScummVM (ArkOS) | E9: Tus archivos originales | F9: Stick como mouse | G9: Es de 640×480 | H9: Estimación
A10: Deltarune | B10: Tus juegos | C10: Funciona | D10: PortMaster | E10: Tus archivos (capítulos 1 a 4) | F10: Control | H10: Catálogo PortMaster
A11: Celeste | B11: Tus juegos | C11: Funciona | D11: PortMaster | E11: Versión sin DRM (itch.io o Epic) | F11: Control | G11: Celeste Classic y Celeste 64: gratis | H11: Catálogo PortMaster
A12: Aliens versus Predator (1999) | B12: Tus juegos | C12: Funciona | D12: PortMaster | E12: Tus archivos de PC (1999) | F12: Control | H12: Catálogo PortMaster
A13: Quake | B13: Tus juegos | C13: Funciona | D13: PortMaster | E13: Gratis (demo) o tus .pak | F13: Control | H13: Catálogo PortMaster
A14: Quake II | B14: Tus juegos | C14: Funciona | D14: PortMaster | E14: Tus .pak (+ expansiones) | F14: Control | H14: Catálogo PortMaster
A15: Half-Life (+ Blue Shift y Opposing Force) | B15: Tus juegos | C15: Funciona | D15: PortMaster (Xash3D) | E15: Carpeta valve de Steam | F15: Control | H15: Catálogo PortMaster
A16: Balatro | B16: Tus juegos | C16: Funciona | D16: PortMaster | E16: Balatro.exe (Steam) o Balatro.love (Mac) | F16: Control | H16: Catálogo PortMaster
A17: Brogue | B17: Tus juegos | C17: Funciona | D17: PortMaster | E17: Gratis | F17: Control | H17: Catálogo PortMaster
A18: FAITH: The Unholy Trinity | B18: Tus juegos | C18: Funciona | D18: PortMaster | E18: Tus archivos (Steam o GOG) | F18: Control | H18: Catálogo PortMaster
A19: The Elder Scrolls: Arena | B19: Tus juegos | C19: Funciona | D19: Emulador de DOS (ArkOS) | E19: Gratis (lo regaló Bethesda) | F19: Teclas mapeadas al control | G19: El motor libre OpenTESArena todavía está incompleto | H19: Estimación
A20: Might and Magic I a V | B20: Tus juegos | C20: Funciona | D20: Emulador de DOS (ArkOS) | E20: Tus archivos (GOG) | F20: Teclas mapeadas al control | G20: RPG de DOS | H20: Estimación
A21: Might and Magic VII | B21: Tus juegos | C21: Funciona | D21: PortMaster (OpenEnroth) | E21: Tus archivos (GOG) | F21: Dos sticks | H21: Catálogo PortMaster
A22: Heroes of Might and Magic II | B22: Tus juegos | C22: Funciona | D22: PortMaster (fheroes2) | E22: Tus archivos | F22: Stick como mouse | G22: Por turnos: cómodo con stick | H22: Catálogo PortMaster
A23: Heroes of Might and Magic III | B23: Tus juegos | C23: Funciona | D23: PortMaster (VCMI) | E23: Tus archivos | F23: Stick como mouse | G23: Por turnos: cómodo con stick | H23: Catálogo PortMaster
A24: Civilization (1991) | B24: Tus juegos | C24: Funciona | D24: Emulador de DOS (ArkOS) | E24: Tus archivos | F24: Stick como mouse | G24: Por turnos | H24: Estimación
A25: FreeCiv (estilo Civilization II) | B25: Tus juegos | C25: Funciona | D25: PortMaster | E25: Gratis | F25: Stick como mouse | G25: Por turnos | H25: Catálogo PortMaster
A26: Unciv (remake de Civilization V) | B26: Tus juegos | C26: Funciona | D26: PortMaster | E26: Gratis | F26: Stick como mouse | G26: Por turnos | H26: Catálogo PortMaster
A27: FreeCol (estilo Colonization) | B27: Tus juegos | C27: Funciona | D27: PortMaster | E27: Gratis | F27: Stick como mouse | G27: Por turnos | H27: Catálogo PortMaster
A28: ClassiCube (Minecraft Classic) | B28: Tus juegos | C28: Funciona | D28: PortMaster | E28: Gratis | F28: Control | G28: La alternativa liviana a Minecraft | H28: Catálogo PortMaster
A29: Quake III Arena | B29: Tus juegos | C29: Con reservas | D29: PortMaster | E29: Tus .pak y tu clave de CD | F29: Control | G29: El más exigente de los tres Quake | H29: Catálogo PortMaster
A30: Stardew Valley | B30: Tus juegos | C30: Con reservas | D30: PortMaster | E30: Tus archivos (Steam o GOG) | F30: Control | G30: Puede ir pesado con 1 GB de RAM | H30: Catálogo PortMaster
A31: Morrowind | B31: Tus juegos | C31: Con reservas | D31: PortMaster (OpenMW) | E31: Tus archivos (PC o GOG) | F31: Dos sticks | G31: Esperá pocos cuadros por segundo | H31: Catálogo PortMaster
A32: The Elder Scrolls II: Daggerfall | B32: Tus juegos | C32: Con reservas | D32: Emulador de DOS (ArkOS) | E32: Gratis (lo regaló Bethesda) | F32: Teclas mapeadas al control | G32: Pedía una Pentium: probablemente lento. Daggerfall Unity no entra | H32: Estimación
A33: Minecraft: Java Edition | B33: Tus juegos | C33: Con reservas | D33: PortMaster | E33: Tu copia del juego | F33: Dos sticks | G33: Con 1 GB de RAM, muy difícil | H33: Catálogo PortMaster
... A57: Return to Monkey Island | B57: Tus juegos | C57: No (streaming) | D57: Moonlight desde tu PC | E57: — | F57: — | G57: Motor moderno sin port | H57: Estimación
A58: Diablo (DevilutionX) | B58: Recomendados (PortMaster) | C58: Funciona | D58: PortMaster | E58: Listo para usar (demo); completo con tus archivos | F58: Control | H58: Catálogo PortMaster
A59: Doom | B59: Recomendados (PortMaster) | C59: Funciona | D59: PortMaster | E59: Gratis o tus archivos | F59: Control | H59: Catálogo PortMaster
A60: Duke Nukem 3D | B60: Recomendados (PortMaster) | C60: Funciona | D60: PortMaster | E60: Tus archivos | F60: Control | H60: Catálogo PortMaster
A61: Tomb Raider I | B61: Recomendados (PortMaster) | C61: Funciona | D61: PortMaster | E61: Tus archivos | F61: Control | H61: Catálogo PortMaster
A62: Sonic Mania | B62: Recomendados (PortMaster) | C62: Funciona | D62: PortMaster | E62: Tus archivos | F62: Control | H62: Catálogo PortMaster
A63: Sonic 1, 2, CD y 3 A.I.R. | B63: Recomendados (PortMaster) | C63: Funciona | D63: PortMaster | E63: Tus archivos | F63: Control | H63: Catálogo PortMaster
A64: Star Fox 64 (Project Starship) | B64: Recomendados (PortMaster) | C64: Funciona | D64: PortMaster | E64: Tu ROM | F64: Control | H64: Catálogo PortMaster
A65: Perfect Dark | B65: Recomendados (PortMaster) | C65: Funciona | D65: PortMaster | E65: Tu ROM | F65: Control | H65: Catálogo PortMaster
A66: Undertale | B66: Recomendados (PortMaster) | C66: Funciona | D66: PortMaster | E66: Tus archivos | F66: Control | H66: Catálogo PortMaster
A67: Fallout | B67: Recomendados (PortMaster) | C67: Funciona | D67: PortMaster | E67: Tus archivos | F67: Stick como mouse | H67: Catálogo PortMaster
A68: Fallout 2 | B68: Recomendados (PortMaster) | C68: Funciona | D68: PortMaster | E68: Tus archivos | F68: Stick como mouse | H68: Catálogo PortMaster
A69: Icewind Dale / Planescape: Torment | B69: Recomendados (PortMaster) | C69: Funciona | D69: PortMaster (GemRB) | E69: Tus archivos | F69: Stick como mouse | G69: Mismo port que Baldur's Gate | H69: Catálogo PortMaster
A70: Slay the Spire | B70: Recomendados (PortMaster) | C70: Funciona | D70: PortMaster | E70: Tus archivos | F70: Control | H70: Catálogo PortMaster
A71: FEZ | B71: Recomendados (PortMaster) | C71: Funciona | D71: PortMaster | E71: Tus archivos | F71: Control | H71: Catálogo PortMaster
A72: Braid | B72: Recomendados (PortMaster) | C72: Funciona | D72: PortMaster | E72: Tus archivos | F72: Control | H72: Catálogo PortMaster
A73: Papers, Please | B73: Recomendados (PortMaster) | C73: Funciona | D73: PortMaster | E73: Tus archivos | F73: Stick como mouse | H73: Catálogo PortMaster
A74: Super Meat Boy | B74: Recomendados (PortMaster) | C74: Funciona | D74: PortMaster | E74: Tus archivos | F74: Control | H74: Catálogo PortMaster
A75: The Binding of Isaac: Rebirth | B75: Recomendados (PortMaster) | C75: Funciona | D75: PortMaster | E75: Tus archivos | F75: Control | H75: Catálogo PortMaster
A76: Shovel Knight: Treasure Trove | B76: Recomendados (PortMaster) | C76: Funciona | D76: PortMaster | E76: Tus archivos | F76: Control | H76: Catálogo PortMaster
A77: Crypt of the NecroDancer | B77: Recomendados (PortMaster) | C77: Funciona | D77: PortMaster | E77: Tus archivos | F77: Control | H77: Catálogo PortMaster
A78: World of Goo | B78: Recomendados (PortMaster) | C78: Funciona | D78: PortMaster | E78: Tus archivos | F78: Stick como mouse | H78: Catálogo PortMaster
A79: Spelunky (clásico) | B79: Recomendados (PortMaster) | C79: Funciona | D79: PortMaster | E79: Gratis | F79: Control | H79: Catálogo PortMaster
A80: Nuclear Throne | B80: Recomendados (PortMaster) | C80: Funciona | D80: PortMaster | E80: Tus archivos | F80: Dos sticks | H80: Catálogo PortMaster
A81: To the Moon | B81: Recomendados (PortMaster) | C81: Funciona | D81: PortMaster | E81: Tus archivos | F81: Control | H81: Catálogo PortMaster
A82: Dead Cells | B82: Recomendados (PortMaster) | C82: Funciona | D82: PortMaster | E82: Tus archivos | F82: Control | G82: Puede ir justo | H82: Catálogo PortMaster
A83: Cave Story | B83: Recomendados (PortMaster) | C83: Funciona | D83: PortMaster | E83: Gratis | F83: Control | H83: Catálogo PortMaster
A84: VVVVVV | B84: Recomendados (PortMaster) | C84: Funciona | D84: PortMaster | E84: Gratis | F84: Control | H84: Catálogo PortMaster
A85: LISA | B85: Recomendados (PortMaster) | C85: Funciona | D85: PortMaster | E85: Tus archivos | F85: Control | H85: Catálogo PortMaster
A86: Minit | B86: Recomendados (PortMaster) | C86: Funciona | D86: PortMaster | E86: Tus archivos | F86: Control | H86: Catálogo PortMaster
A87: Luck be a Landlord | B87: Recomendados (PortMaster) | C87: Funciona | D87: PortMaster | E87: Tus archivos | F87: Control | H87: Catálogo PortMaster
A88: Dicey Dungeons | B88: Recomendados (PortMaster) | C88: Funciona | D88: PortMaster | E88: Tus archivos | F88: Control | H88: Catálogo PortMaster
A89: Gato Roboto | B89: Recomendados (PortMaster) | C89: Funciona | D89: PortMaster | E89: Tus archivos | F89: Control | H89: Catálogo PortMaster
A90: Super Hexagon | B90: Recomendados (PortMaster) | C90: Funciona | D90: PortMaster | E90: Tus archivos | F90: Control | H90: Catálogo PortMaster
A91: Nidhogg | B91: Recomendados (PortMaster) | C91: Funciona | D91: PortMaster | E91: Tus archivos | F91: Control | H91: Catálogo PortMaster
A92: TowerFall Ascension | B92: Recomendados (PortMaster) | C92: Funciona | D92: PortMaster | E92: Tus archivos | F92: Control | H92: Catálogo PortMaster
A93: Mina the Hollower | B93: Recomendados (PortMaster) | C93: Funciona | D93: PortMaster | E93: Archivos de Mac (GOG o Steam) | F93: Control | H93: Catálogo PortMaster
A94: Iconoclasts | B94: Recomendados (PortMaster) | C94: Funciona | D94: PortMaster | E94: Tus archivos | F94: Control | H94: Catálogo PortMaster
... A99: La-Mulana | B99: Recomendados (PortMaster) | C99: Funciona | D99: PortMaster | E99: Tus archivos | F99: Control | H99: Catálogo PortMaster
A100: Undivine | B100: Recomendados (PortMaster) | C100: Funciona | D100: PortMaster | E100: Tus archivos (o la demo gratis) | F100: Control | G100: Metroidvania oscuro, estilo Blasphemous | H100: Catálogo PortMaster
A101: Boneraiser Minions | B101: Recomendados (PortMaster) | C101: Funciona | D101: PortMaster | E101: Tus archivos | F101: Control | G101: Estilo Vampire Survivors | H101: Catálogo PortMaster
A102: Maze Mice | B102: Recomendados (PortMaster) | C102: Funciona | D102: PortMaster | E102: Tus archivos | F102: Control | G102: Estilo Vampire Survivors | H102: Catálogo PortMaster
A103: Her Name Was Fire | B103: Recomendados (PortMaster) | C103: Funciona | D103: PortMaster | E103: Tus archivos | F103: Dos sticks | G103: Roguelike contra hordas | H103: Catálogo PortMaster
A104: Gravwell | B104: Recomendados (PortMaster) | C104: Funciona | D104: PortMaster | E104: Gratis | F104: Control | G104: Disparos contra hordas | H104: Catálogo PortMaster
A105: Dungeon Souls | B105: Recomendados (PortMaster) | C105: Funciona | D105: PortMaster | E105: Tus archivos (Steam o Humble) | F105: Control | H105: Catálogo PortMaster
A106: Hammerwatch | B106: Recomendados (PortMaster) | C106: Funciona | D106: PortMaster | E106: Tus archivos | F106: Control | H106: Catálogo PortMaster
A107: OpenXcom (X-COM: UFO Defense) | B107: Recomendados (PortMaster) | C107: Funciona | D107: PortMaster | E107: Tus archivos | F107: Stick como mouse | G107: Por turnos | H107: Catálogo PortMaster
A108: Theme Hospital (CorsixTH) | B108: Recomendados (PortMaster) | C108: Funciona | D108: PortMaster | E108: Listo para usar (demo); completo con tus archivos | F108: Stick como mouse | H108: Catálogo PortMaster
A109: RollerCoaster Tycoon 2 (OpenRCT2) | B109: Recomendados (PortMaster) | C109: Funciona | D109: PortMaster | E109: Tus archivos | F109: Stick como mouse | H109: Catálogo PortMaster
A110: Caesar III (Augustus) | B110: Recomendados (PortMaster) | C110: Funciona | D110: PortMaster | E110: Tus archivos | F110: Stick como mouse | H110: Catálogo PortMaster
A111: OpenTTD (Transport Tycoon) | B111: Recomendados (PortMaster) | C111: Funciona | D111: PortMaster | E111: Gratis | F111: Stick como mouse | H111: Catálogo PortMaster
A112: Dune II (Dune Legacy) | B112: Recomendados (PortMaster) | C112: Funciona | D112: PortMaster | E112: Tus archivos | F112: Stick como mouse | G112: Tiempo real | H112: Catálogo PortMaster
A113: Warcraft II (Wargus) | B113: Recomendados (PortMaster) | C113: Funciona | D113: PortMaster | E113: Tus archivos | F113: Stick como mouse | G113: Tiempo real | H113: Catálogo PortMaster
A114: Command & Conquer y Red Alert | B114: Recomendados (PortMaster) | C114: Funciona | D114: PortMaster (VanillaTD / VanillaRA) | E114: Gratis | F114: Stick como mouse | G114: Tiempo real | H114: Catálogo PortMaster
A115: Ultima VII (Exult) | B115: Recomendados (PortMaster) | C115: Funciona | D115: PortMaster | E115: Tus archivos | F115: Stick como mouse | H115: Catálogo PortMaster
A116: Arx Fatalis | B116: Recomendados (PortMaster) | C116: Funciona | D116: PortMaster | E116: Tus archivos | F116: Dos sticks | H116: Catálogo PortMaster
A117: Star Wars: Dark Forces | B117: Recomendados (PortMaster) | C117: Funciona | D117: PortMaster | E117: Tus archivos | F117: Dos sticks | H117: Catálogo PortMaster
A118: Star Wars Jedi Knight: Dark Forces II | B118: Recomendados (PortMaster) | C118: Funciona | D118: PortMaster | E118: Tus archivos | F118: Dos sticks | H118: Catálogo PortMaster
A119: Descent y Descent II | B119: Recomendados (PortMaster) | C119: Funciona | D119: PortMaster | E119: Gratis | F119: Dos sticks | H119: Catálogo PortMaster
A120: Prince of Persia (SDLPoP) | B120: Recomendados (PortMaster) | C120: Funciona | D120: PortMaster | E120: Gratis | F120: Control | H120: Catálogo PortMaster
A121: Another World | B121: Recomendados (PortMaster) | C121: Funciona | D121: PortMaster | E121: Gratis | F121: Control | H121: Catálogo PortMaster
A122: Flashback (REminiscence) | B122: Recomendados (PortMaster) | C122: Funciona | D122: PortMaster | E122: Tus archivos | F122: Control | H122: Catálogo PortMaster
A123: Dungeon Crawl Stone Soup | B123: Recomendados (PortMaster) | C123: Funciona | D123: PortMaster | E123: Gratis | F123: Control | H123: Catálogo PortMaster
A124: Cataclysm: Dark Days Ahead | B124: Recomendados (PortMaster) | C124: Funciona | D124: PortMaster | E124: Gratis | F124: Control | G124: Lo más parecido a Dwarf Fortress | H124: Catálogo PortMaster
A125: Return to Castle Wolfenstein | B125: Recomendados (PortMaster) | C125: Funciona | D125: PortMaster | E125: Tus archivos (.pk3) | F125: Dos sticks | H125: Catálogo PortMaster
A126: Unreal Tournament '99 | B126: Recomendados (PortMaster) | C126: Funciona | D126: PortMaster | E126: Tus archivos | F126: Dos sticks | H126: Catálogo PortMaster
A127: Doom RPG | B127: Recomendados (PortMaster) | C127: Funciona | D127: PortMaster | E127: Archivo del juego de celular original | F127: Control | H127: Catálogo PortMaster
A128: Pizza Tower | B128: Recomendados (PortMaster) | C128: Con reservas | D128: PortMaster | E128: Tus archivos | F128: Control | G128: El catálogo lo marca como no apto para consolas de baja potencia | H128: Catálogo PortMaster
A129: Final Fantasy VIII | B129: Emuladores de ArkOS | C129: Funciona | D129: Emulador de PS1 (ArkOS) | E129: Tus discos (varios: se juntan con pbpack) | F129: Control | G129: 4 discos | H129: Estimación
...

Sheet Resumen
A3: Cantidad de juegos por sección y estado
A4: Se actualiza solo si cambiás la hoja Lista completa.
A6: Estado | B6: Tus juegos | C6: Recomendados (PortMaster) | D6: Emuladores de ArkOS | E6: Ola de ports de PS Vita 2024-26 | F6: Android | G6: Otros candidatos | H6: Fuera de alcance | I6: Total
A7: Funciona | B7: =COUNTIFS('Lista completa'!$B$4:$B$194,B$6,'Lista completa'!$C$4:$C$194,$A7) -> 25 | C7: =COUNTIFS('Lista completa'!$B$4:$B$194,C$6,'Lista completa'!$C$4:$C$194,$A7) -> 70 | D7: =COUNTIFS('Lista completa'!$B$4:$B$194,D$6,'Lista completa'!$C$4:$C$194,$A7) -> 21 | E7: =COUNTIFS('Lista completa'!$B$4:$B$194,E$6,'Lista completa'!$C$4:$C$194,$A7) -> 0 | F7: =COUNTIFS('Lista completa'!$B$4:$B$194,F$6,'Lista completa'!$C$4:$C$194,$A7) -> 7 | G7: =COUNTIFS('Lista completa'!$B$4:$B$194,G$6,'Lista completa'!$C$4:$C$194,$A7) -> 0 | H7: =COUNTIFS('Lista completa'!$B$4:$B$194,H$6,'Lista completa'!$C$4:$C$194,$A7) -> 0 | I7: =SUM(B7:H7) -> 123
A8: Con reservas | B8: =COUNTIFS('Lista completa'!$B$4:$B$194,B$6,'Lista completa'!$C$4:$C$194,$A8) -> 8 | C8: =COUNTIFS('Lista completa'!$B$4:$B$194,C$6,'Lista completa'!$C$4:$C$194,$A8) -> 1 | D8: =COUNTIFS('Lista completa'!$B$4:$B$194,D$6,'Lista completa'!$C$4:$C$194,$A8) -> 1 | E8: =COUNTIFS('Lista completa'!$B$4:$B$194,E$6,'Lista completa'!$C$4:$C$194,$A8) -> 0 | F8: =COUNTIFS('Lista completa'!$B$4:$B$194,F$6,'Lista completa'!$C$4:$C$194,$A8) -> 0 | G8: =COUNTIFS('Lista completa'!$B$4:$B$194,G$6,'Lista completa'!$C$4:$C$194,$A8) -> 0 | H8: =COUNTIFS('Lista completa'!$B$4:$B$194,H$6,'Lista completa'!$C$4:$C$194,$A8) -> 0 | I8: =SUM(B8:H8) -> 10
A9: Proyecto | B9: =COUNTIFS('Lista completa'!$B$4:$B$194,B$6,'Lista completa'!$C$4:$C$194,$A9) -> 3 | C9: =COUNTIFS('Lista completa'!$B$4:$B$194,C$6,'Lista completa'!$C$4:$C$194,$A9) -> 0 | D9: =COUNTIFS('Lista completa'!$B$4:$B$194,D$6,'Lista completa'!$C$4:$C$194,$A9) -> 0 | E9: =COUNTIFS('Lista completa'!$B$4:$B$194,E$6,'Lista completa'!$C$4:$C$194,$A9) -> 7 | F9: =COUNTIFS('Lista completa'!$B$4:$B$194,F$6,'Lista completa'!$C$4:$C$194,$A9) -> 13 | G9: =COUNTIFS('Lista completa'!$B$4:$B$194,G$6,'Lista completa'!$C$4:$C$194,$A9) -> 8 | H9: =COUNTIFS('Lista completa'!$B$4:$B$194,H$6,'Lista completa'!$C$4:$C$194,$A9) -> 0 | I9: =SUM(B9:H9) -> 31
A10: No (streaming) | B10: =COUNTIFS('Lista completa'!$B$4:$B$194,B$6,'Lista completa'!$C$4:$C$194,$A10) -> 18 | C10: =COUNTIFS('Lista completa'!$B$4:$B$194,C$6,'Lista completa'!$C$4:$C$194,$A10) -> 0 | D10: =COUNTIFS('Lista completa'!$B$4:$B$194,D$6,'Lista completa'!$C$4:$C$194,$A10) -> 0 | E10: =COUNTIFS('Lista completa'!$B$4:$B$194,E$6,'Lista completa'!$C$4:$C$194,$A10) -> 0 | F10: =COUNTIFS('Lista completa'!$B$4:$B$194,F$6,'Lista completa'!$C$4:$C$194,$A10) -> 0 | G10: =COUNTIFS('Lista completa'!$B$4:$B$194,G$6,'Lista completa'!$C$4:$C$194,$A10) -> 0 | H10: =COUNTIFS('Lista completa'!$B$4:$B$194,H$6,'Lista completa'!$C$4:$C$194,$A10) -> 9 | I10: =SUM(B10:H10) -> 27
A11: Total | B11: =SUM(B7:B10) -> 54 | C11: =SUM(C7:C10) -> 71 | D11: =SUM(D7:D10) -> 22 | E11: =SUM(E7:E10) -> 7 | F11: =SUM(F7:F10) -> 20 | G11: =SUM(G7:G10) -> 8 | H11: =SUM(H7:H10) -> 9 | I11: =SUM(I7:I10) -> 191
A13: Control: filas de la lista | B13: =COUNTA('Lista completa'!$A$4:$A$194) -> 191

Sheet Para portear
A3: Orden | B3: Proyecto | C3: Esfuerzo | D3: Por qué conviene | E3: Qué hace falta
A4: 1 | B4: The Elder Scrolls: Arena como port | C4: Bajo | D4: Es gratis y es de PC: se arma como entrada del menú Ports con sus controles, igual que FF7 | E4: DOSBox empaquetado; motor nativo cuando OpenTESArena esté completo
A5: 2 | B5: Star Wars: KOTOR 1 y 2 | C5: Medio | D5: El cargador de Android ya existe en Vita (VitaKotor); KOTOR II va a ~25 FPS allá | E5: Llevar el cargador a Linux; tu APK
A6: 3 | B6: Juegos de Android ya portados a PS Vita (GTA III/VC/SA, BG: Dark Alliance, NFS Hot Pursuit, Mass Effect Infiltrator, Fahrenheit, Thimbleweed Park, Dead Space, Bully) | C6: Medio | D6: PortMaster ya hizo lo mismo con Max Payne y Layton | E6: Adaptar cada cargador a Linux; tu APK
A7: 4 | B7: Juegos de GameMaker sin port (UFO 50, Katana Zero, Momodora, Gunpoint, Heat Signature) | C7: Bajo a medio | D7: PortMaster ya tiene el cargador de GameMaker | E7: Que la versión de PC traiga data.win
A8: 5 | B8: Cassette Beasts / Salt and Sanctuary | C8: Medio | D8: PortMaster ya tiene los motores (Godot 3 y Mono/FNA) | E8: Tus archivos; verificar la RAM
A9: 6 | B9: Minecraft: Bedrock | C9: Medio | D9: El lanzador para Linux ARM64 ya existe | E9: Tu APK; con 1 GB es dudoso
A10: 7 | B10: Cuphead | C10: Alto | D10: Ya existe una reimplementación parcial en Vita | E10: Revisar si su código está publicado y cuánto depende de la Vita
A11: 8 | B11: Resident Evil 4 (GameCube) | C11: Alto | D11: GameCube no se puede emular en la R36S; si el port de Vita avanza, es candidato | E11: Esperar a que el port de Vita avance
A12: 9 | B12: Vampire Survivors | C12: Alto | D12: El código se puede leer; el límite es la potencia | E12: Motor nuevo hecho a medida

Sheet Leyenda
A3: Término | B3: Significado
A4: R36S | B4: 4 núcleos ARM Cortex-A35 a ~1,5 GHz, GPU Mali-G31 (OpenGL ES), 1 GB de RAM, pantalla de 640×480, dos sticks.
A5: Funciona | B5: Corre bien según el catálogo de PortMaster o por la época del juego.
A6: Con reservas | B6: Corre, pero puede ir lento o tener límites.
A7: Proyecto | B7: No existe todavía para la R36S, pero hay un camino concreto para hacerlo.
A8: No (streaming) | B8: No entra en la consola. Se juega con Moonlight: el juego corre en tu PC (Sunshine) y la R36S muestra la imagen. Necesita adaptador Wi-Fi USB.
A9: Stick como mouse | B9: Juegos pensados para mouse: el stick mueve el puntero. Cómodo en juegos por turnos, incómodo en tiempo real.
A10: Teclas mapeadas al control | B10: Juegos de DOS que usan teclado: se asignan teclas a los botones.
A11: Catálogo PortMaster | B11: Dato del catálogo oficial de PortMaster (octubre 2026): el port existe y no está marcado como exigente (equipo potente, 2 GB de RAM u OpenGL de PC).
A12: Estimación | B12: Juicio propio según el motor, la época y los requisitos del juego. No probado.
A13: Port en PS Vita | B13: Ya existe un port del juego para PS Vita. La Vita tiene 4 núcleos ARM a 333-444 MHz y 512 MB de RAM: la R36S la supera en procesador y RAM, con gráficos de potencia parecida. Cada port de Vita hay que adaptarlo a Linux (gráficos, controles, sonido).
A14: Ola de ports de PS Vita 2024-26 | B14: Ports recientes a PS Vita de juegos que no se pueden emular en la R36S (cargadores de Android, GameCube). Son candidatos fuertes.
... A41: Fuente | B41: GemRB y Baldur's Gate II EE: https://www.gamingonlinux.com/2026/03/infinity-engine-open-source-remake-gemrb-0-9-5-gets-baldurs-gate-ii-enhanced-edition-playable/
